{"cameraMode":{"drawMode":0,"name":"Shaded","section":"Shading Mode"},"sceneLighting":true,"audioPlay":false,"sceneViewState":{"m_AlwaysRefresh":false,"showFog":true,"showSkybox":true,"showFlares":true,"showImageEffects":true,"showParticleSystems":true,"showVisualEffectGraphs":true,"m_FxEnabled":true},"in2DMode":false,"pivot":{"x":-39.88953399658203,"y":1.4820442199707032,"z":9.464141845703125},"rotation":{"x":0.17272599041461945,"y":-0.11934736371040344,"z":0.021116703748703004,"w":0.9775134921073914},"size":24.05289649963379,"orthographic":false}